ID,Title,Content,Status,Date,Slug,wpcf-downloadable-image,our_people_title,Bio Image,_wpml_import_language_code,_wpml_import_source_language_code,_wpml_import_translation_group,Slider Item,Position,Company
42855,Mohammed Jameel KBE,"Mohammed Abdul Latif Jameel is Chairman, <a href=""https://www.alj.com/en/"">Abdul Latif Jameel</a>, a collective of independent international, family-owned and diversified businesses, founded in 1945, by his father, the late Abdul Latif Jameel.

Today, Abdul Latif Jameel’s core business areas include transportation and mobility solutions; financial services; <a href=""https://aljland.com/"">residential real estate</a> development; <a href=""https://frv.com"">sustainable energy</a> and <a href=""https://almarwater.com"">water infrastructure solutions</a> and wider environmental services; consumer products; <a href=""https://www.delphysme.com/"">advertising</a> and <a href=""https://alj-enterprises.com/our-solutions/media-solutions/"">media</a>, and global <a href=""https://aljhealth.com"">health</a> care.

Abdul Latif Jameel has grown significantly in its 75-year history, flourishing from its deep regional roots to be a truly global business with a presence in 30 markets over six continents, including Europe, Africa, Asia Pacific, North and South America, employing over 11,000 people from more than 40 nationalities.  Abdul Latif Jameel prides itself on building lasting relationships; the most notable being a close and mutually respectful partnership with Toyota Motor Corporation of over 66 years, delivering for our customers across the Middle East, North Africa, Turkey and beyond including China for more than two decades.

Abdul Latif Jameel has always believed in ‘business with a purpose’ and sought to actively create value by competing not to be best <em>in</em> the world, but best <em>for</em> the community.  This approach is also inherent in non-operational investment.  The Jameel Family’s global investment arm, ‘<a href=""https://jimco.com/"">JIMCO’</a> (the Abdul Latif Jameel Investment Management Company) actively invests in innovative, early-stage and breakthrough ventures, business models and emergent technologies, aiming to positively shape the future of core industries driving the global economy.  These investments embrace medical and healthcare industries, fintech, insurtech, electric vehicles and future mobility solutions.  The Jameel Family were founding shareholders in US-based electric vehicle manufacturer <a href=""https://rivian.com"">RIVIAN</a>.

Mr. Jameel, together with other members of the Jameel Family, is also a major investor/developer of the <a href=""https://anjumhotels.com/en/"">Anjum Hotel</a> in the Holy City of Makkah, Saudi Arabia. with 1,650 rooms in the first phase and a second phase (under construction) of 3 towers with 3,977 rooms.  The Hotel offers a genuine Hijazi welcome to Hajj and Umrah visitors from across the world -uniting spirituality with hospitality while supporting and contributing to the continued growth of the local community.

Mr. Jameel and the Jameel Family are noted philanthropists, continuing a tradition started over three quarters of a century ago by Mr. Jameel’s father and the business’ late founder, Mr. Abdul Latif Jameel.

As Founder and Chairman of <a href=""https://www.babjameeljobs.com/EN/"">Bab Rizq Jameel</a>, a job creation initiative in the Middle East and North Africa, Mr. Jameel has helped hundreds of thousands of men and women improve their lives through work, with recruitment initiatives, microfinance programs, and other innovative projects tailored to providing job opportunities for men and women in the Arab world.

As a patron of the arts, Mr. Jameel supports <a href=""https://artjameel.org/"">Art Jameel</a> (founded by his son, Fady Jameel), now one of the world’s most significant NGOs with a focus on nurturing artists and creative communities. Art Jameel’s expert team and innovative arts and learning programs are anchored in the UAE at the <a href=""https://jameelartscentre.org/"">Jameel Arts Centre</a>, Dubai’s contemporary museum, and in Saudi Arabia at <a href=""https://hayy.artjameel.org/"">Hayy Jameel</a>, Jeddah’s home for the arts. As a former trustee of The Prince’s School of Traditional Arts and now as an ambassador of The Prince’s Foundation, Mr. Jameel has worked with HRH The Prince of Wales’ charities, including the Jameel Houses in Cairo and Jeddah, and the forthcoming Jameel House in Scotland, on the Dumfries House estate. Other long-standing Art Jameel partnerships include those with the Metropolitan Museum of Art, New York, and the Victoria &amp; Albert Museum, London, home to the <a href=""https://www.vam.ac.uk/collections/islamic-middle-east"">Jameel Gallery</a> and a broad program that includes the <a href=""https://www.vam.ac.uk/info/jameel-prize"">Jameel Prize</a>, the world’s premier award for contemporary art and design inspired by Islamic traditions.

Mr. Jameel is also Founder and Chairman of <a href=""https://www.communityjameelsaudi.org/en"">Community Jameel Saudi</a>, a Saudi Arabian foundation that operates a considerable suite of philanthropically motivated social, entrepreneurial, and economic development programs for individuals and the community in the country.  Its focus is governed by six main areas of development – competency development, women empowerment, entrepreneurship advancement, climate change, community wellbeing, and humanitarian initiatives – with one main goal: to create pathways to economic independence and so actively contributing to the development of the nation and its economy. Initiatives include the <a href=""https://www.aljhospital.com/"">Abdul Latif Jameel Hospital</a> in Jeddah, established by Mr. Jameel’s father as the region’s first non-profit specialist facility for physical rehabilitation, and today a center for advanced therapies.

Mr. Jameel is the Founder and Chairman of <a href=""https://communityjameel.org"">Community Jameel</a>, an independent, global organization advancing science to help communities thrive in a rapidly changing world.

A <a href=""https://www.mit.edu/"">Massachusetts Institute of Technology</a> (MIT) alumnus, Mr. Jameel has seen Community Jameel develop a longstanding and deep collaboration with MIT, with support to four major centers: the <a href=""http://www.povertyactionlab.org/"">Abdul Latif Jameel Poverty Action Lab</a> (J-PAL), whose co-founders Esther Duflo and Abhijit Banerjee, along with long-time J-PAL affiliate Michael Kremer, won the 2019 Nobel Prize for Economics; the <a href=""http://jwafs.mit.edu/"">Abdul Latif Jameel Water and Food Systems Lab</a> (J-WAFS); the <a href=""https://jwel.mit.edu/"">Abdul Latif Jameel World Education Lab</a> (J-WEL); and the <a href=""https://jclinic.mit.edu/"">Abdul Latif Jameel Clinic for Machine Learning in Health</a> (Jameel Clinic).

With MIT, Community Jameel has also created the Jameel-Toyota Scholarship for undergraduate students from Japan, Saudi Arabia and other countries in Asia and Africa (since 1994); supported and mentored entrepreneurs in the Arab world through an annual <a href=""https://www.mitarabcompetition.com/"">start-up competition</a> (since 2005); and through MIT J-WEL pioneered innovative approaches to refugee education. Mr. Jameel is an MIT Corporation life member.

Committed to improving healthcare for all, in addition to the Jameel Clinic at MIT, Community Jameel cofounded the <a href=""https://www.imperial.ac.uk/jameel-institute/"">Abdul Latif Jameel Institute for Disease and Emergency Analytics</a> (Jameel Institute) with Imperial College London, to combat threats from disease worldwide.

The Jameel Institute has been leading the critical modelling of the spread of COVID-19 and launched the <a href=""https://www.imperial.ac.uk/news/240191/jameel-institute-announces-initiative-increase-global/"">Jameel Institute-Kenneth C. Griffin Initiative</a> for the Economics of Pandemic Preparedness to help governments model the economic and epidemiological impact of public health response to outbreaks of infectious diseases.

In 2021, Community Jameel - together with the University of Edinburgh, Save the Children, the CGIAR International Livestock Research Institute and J-PAL - launched the <a href=""https://jameelobservatory.org/"">Jameel Observatory for Food Security Early Action</a> in Nairobi, Kenya.  The Jameel Observatory harnesses the power of data science to monitor, forecast and enable early action against outbreaks of acute hunger and famine in the face of climate change.

In music, Community Jameel and the Andrea Bocelli Foundation, where Mr. Jameel is a member of the advisory board, have cofounded a <a href=""https://www.communityjameel.org/scolarships/bocelli-jameel-scholarship"">scholarship at the Royal College of Music in London</a> to support students in need.

Mr. Jameel has been recognized with a number of honors, including the highest award in Saudi Arabia, the King Abdul Aziz Medal of the First Order, from HM King Abdullah in recognition of his personal contribution to job creation initiatives amongst young Saudi men and women; and an honorary knighthood (KBE) from HM Queen Elizabeth II for his philanthropic activities and support for the development of arts and culture.

<span style=""font-size: 14px;"">Important Note: Mohammed Jameel does not have any social media accounts, including Twitter, LinkedIn, Facebook, or Instagram.  Any accounts bearing his name on those platforms are imposter accounts.</span>",publish,7/30/2019 11:08,mohammed-abdul-latif-jameel,https://www.alj.com/app/uploads/2019/07/Mohammed-Abdul-Latif-Jamele-KBE-1.jpeg,"<p>Chairman<br />
Abdul Latif Jameel</p>
",https://media.alj.com/app/uploads/2019/07/Mohammed-Abdul-Latif-Jamele-KBE-2.jpeg,en,,93183,,Chairman,Abdul Latif Jameel
42877,"محمد جميل، حائز على وسام فارس فخري من ملكة بريطانيا","يشغل محمد عبداللطيف جميل منصب رئيس مجلس الإدارة  ل<a href=""https://alj.com/ar/"">عبد اللطيف جميل</a>، مجموعة الشركات العائلية الدولية ذات الأنشطة المتنوعة التي يعود تاريخ تأسيسها إلى العام 1945 على يد والده المغفور له الشيخ عبداللطيف جميل.

واليوم، تشمل قطاعات الأعمال الأساسية لشركة عبد اللطيف جميل: حلول النقل والتنقل، والخدمات المالية؛ <a href=""https://aljland.com/"">وتطوير العقارات السكنية</a>، <a href=""https://frv.com/"">وحلول البنية التحتية للطاقة والمياه المستدامة</a>، بالإضافة إلى أنشطة واسعة النطاق في مجال الخدمات البيئية ؛ والمنتجات الاستهلاكية؛ <a href=""https://www.delphysme.com/"">والدعاية</a> و<a href=""https://alj-enterprises.com/our-solutions/media-solutions/"">الإعلام</a>؛ والرعاية <a href=""https://aljhealth.com/"">الصحية</a> العالمية.

نمت عبد اللطيف جميل بشكل ملحوظ خلال مسيرتها الممتدة إلى 75 عامًا، وازدهرت من جذورها الإقليمية العميقة لتصبح واحدة من كبرى الشركات العالمية بحضورها الراسخ في أكثر من 30 دولة في أوروبا وأفريقيا وآسيا والمحيط الهادئ وأمريكا الشمالية والجنوبية. واليوم، يضم فريق عمل عبد اللطيف جميل ما يقرب من 11,000 شخص من أكثر من 40 جنسية  تفخر عبد اللطيف جميل بعلاقاتها الدائمة والراسخة مع مجموعة متنوعة من الشركاء عبر شراكات رائدة، أبرزها الشراكة الوثيقة مع شركة تويوتا موتور لأكثر من 66 عامًا، وهو ما ساعدنا على تلبية احتياجات عملائنا في جميع أنحاء الشرق الأوسط وشمال إفريقيا وتركيا وخارجها بما في ذلك الصين لأكثر من عقدين.

لطالما آمنت عبد اللطيف جميل بمبدأ ""الاستثمار الهادف""، وسعت إلى إرساء قيمة ملموسة من خلال التنافس ليس لتكون الأفضل في العالم، بل الأفضل للمجتمع. وهذا النهج متأصل أيضًا في الاستثمارات غير التشغيلية للشركة، حيث تستثمر شركة جيمكو (<a href=""https://jimco.com/"">JIMCO</a>) (عبد اللطيف جميل لإدارة الاستثمار)، وهي ذراع الاستثمار العالمي لعائلة جميل، في المشاريع المبتكرة والإبداعية القائمة على نماذج الأعمال والتقنيات الناشئة، وذلك بهدف المساهمة بشكل إيجابي في تشكيل مستقبل الصناعات الأساسية التي تدفع نمو الاقتصاد العالمي. تشمل هذه الاستثمارات الصناعات الطبية والصحية، والتكنولوجيا المالية، وتكنولوجيا التأمين، والمركبات الكهربائية، وحلول التنقل المستقبلية. ولهذا، كانت عائلة جميل من أوائل المساهمين المؤسسين في شركة ريفيان (<a href=""https://rivian.com/"">RIVIAN</a>) لتصنيع السيارات الكهربائية ومقرها الولايات المتحدة.

ويُعد محمد جميل، إلى جانب أعضاء آخرين في عائلة جميل، من أنشط المستثمرين في المملكة، فهو مستثمر/ مطور رئيسي <a href=""https://anjumhotels.com/en/"">لفندق أنجم</a> في مكة المكرمة، والذي يضم 1,650 غرفة في مرحلته الأولى، و 3 أبراج تضم 3,977 غرفة في مرحلته الثانية (تحت الإنشاء). يقدم الفندق أجواءً حجازية خالصة للحجاج والمعتمرين من جميع أنحاء العالم حيث تلتقي الروحانية بكرم الضيافة في مكان واحد، كما أنه يسهم في دفع عجلة نمو قطاع السياحة والضيافة في المملكة ككل.

كما يعتبر محمد جميل، وعائلة جميل ككل، من أبرز رواد العمل الخيري حول العالم، وذلك حرصًا منه على مواصلة مسيرة العمل الخيري التي بدأها مؤسس الشركة المغفور له الشيخ عبداللطيف جميل منذ أكثر من ثلاثة أرباع قرن.

وبصفته مؤسس ورئيس مجلس إدارة <a href=""https://www.babrizqjameel.com/ar-sa/international/find-a-job"">باب رزق جميل</a>، وهي مبادرة تهدف للمساهمة في توفير فرص عمل في الشرق الأوسط وشمال إفريقيا، ساعد محمد جميل مئات الآلاف من الأشخاص على تحسين حياتهم من خلال المساهمة في توفير فرص عمل لهم عن طريق مبادرات التوظيف، وبرامج التمويل متناهي الصغر، وغيرها من البرامج المبتكرة المصممة خصيصاً للمساهمة في توفير فرص عمل للشباب والشابات في العالم العربي.

ومن منطلق اهتمامه بالفنون، دعم محمد جميل تأسيس مؤسسة ""<a href=""https://artjameel.org/"">فن جميل</a>"" (التي أسسها ابنه فادي جميل)، وتُعد اليوم واحدة من أهم المنظمات غير الحكومية في العالم وتُعنى برعاية الفنانين والمبدعين حول العالم من خلال فريق من الخبراء والبرامج التعليمية والفنون المبتكرة في <a href=""https://jameelartscentre.org/"">مركز جميل للفنون</a> بالإمارات العربية المتحدة، ومتحف دبي المعاصر، وفي <a href=""https://hayy.artjameel.org/"">حي جميل</a> بالمملكة العربية السعودية، وهو حاضنة للفنون في جدة. وبصفته عضوًا بمجلس أمناء كلية الأمير تشارلز للفنون التقليدية وسفيرًا حاليًا لمؤسسة الأمير تشارلز الخيرية، تعاون محمد جميل عن كثب مع جمعيات صاحب السمو الملكي أمير ويلز الخيرية من خلال فن جميل، وبيت جميل في القاهرة وجدة، وبيت جميل المرتقب افتتاحه في منطقة دومفريز هاوس في اسكتلندا. ولدى فن جميل أيضًا مجموعة من الشراكات الأخرى الراسخة مع مختلف المؤسسات الرائدة مثل متحف متروبوليتان للفنون في نيويورك، ومتحف فيكتوريا وألبرت في لندن، الذي يستضيف <a href=""https://www.vam.ac.uk/collections/islamic-middle-east"">معرض جميل</a>  وبرنامج واسع النطاق يشمل <a href=""https://www.vam.ac.uk/info/jameel-prize"">جائزة جميل</a>، الجائزة الأولى في العالم للفنون المعاصرة والتصاميم المستوحاة من الثراث الإسلامية.

محمد جميل هو أيضًا مؤسس ورئيس مجلس إدارة <a href=""https://www.communityjameelsaudi.org/"">مجتمع جميل السعودية</a>، وهي مؤسسة سعودية تدير مجموعة واسعة من البرامج الاجتماعية ومبادرات ريادة الأعمال والتنمية الاقتصادية القائمة على توجهات خيرية لدعم الأفراد والمجتمع السعودي ككل. تركز مجتمع جميل السعودية على ستة محاور رئيسية، هي تنمية الكفاءات، وتعزيز دور المرأة، وتمكين رواد الأعمال، والتغير المناخي، والعناية بصحة المجتمع، والمبادرات الإنسانية – وجميعها تندرج تحت مظلة هدف رئيسي واحد: المساهمة في توفير فرص عمل لخلق مسارات للاستقلال الاقتصادي والمساهمة بفعالية في التنمية الاقتصادية للمجتمع.

ومن بين هذه المبادرات <a href=""https://www.aljhospital.com/"">مستشفى عبد اللطيف جميل</a> في جدة، والذي أنشأه والد/ محمد جميل ليكون أول منشأة غير ربحية في مجال إعادة التأهيل البدني في المنطقة، ويُعد اليوم مركزًا للعلاجات المتقدمة.

والسيد محمد جميل هو أيضًا مؤسس ورئيس مجلس إدارة <a href=""https://communityjameel.org/"">مجتمع جميل</a>، وهي منظمة عالمية مستقلة تسعى إلى تطوير العلوم لمساعدة المجتمعات على الازدهار في عالم سريع التغير.

تخرج محمد جميل من معهد ماساتشوستس للتكنولوجيا (<a href=""http://www.mit.edu/"">MIT</a>)، ليقود بعدها مجتمع جميل إلى تعاون وطيد وطويل الأمد مع معهد ماساتشوستس للتكنولوجيا، الذي يدعم مجتمع جميل من خلال أربعة مراكز رئيسية في معهد ماساتشوستس للتكنولوجيا هي <a href=""http://www.povertyactionlab.org/"">معمل عبد اللطيف جميل لمكافحة الفقر</a> (J-PAL)، الذي فاز شريكيه المؤسسيّن أبيجيت بانيرجي وإستير دوفلو، وزميلهما مايكل كريمر، وهو أحد الباحثين الأوائل المنتسبين في  (J-PAL)، بجائزة نوبل في الاقتصاد لعام 2019؛ <a href=""http://jwafs.mit.edu/"">ومعمل عبد اللطيف جميل للماء والغذاء</a> (J-WAFS)؛ و<a href=""https://jwel.mit.edu/"">معمل عبد اللطيف جميل العالمي للتعليم</a> (J-WEL)؛ <a href=""https://jclinic.mit.edu/"">وعيادة عبد اللطيف جميل لتقنيات التعلم الآلي في مجال الرعاية الصحية</a>  (عيادة جميل).

وبالتعاون مع معهد ماساتشوستس للتكنولوجيا أيضًا، أطلقت مجتمع جميل أيضًا منحة جميل-تويوتا الدراسية للطلاب الجامعيين من اليابان والمملكة العربية السعودية ودول أخرى في آسيا وأفريقيا (منذ 1994) ؛ وقدمت الدعم والتوجيه لرواد الأعمال في العالم العربي من خلال مسابقة سنوية <a href=""https://www.mitarabcompetition.com/"">للشركات الناشئة</a> (منذ 2005) ؛ كما كانت مجتمع جميل رائدة في تبني الأساليب المبتكرة لتعليم اللاجئين من خلال معمل عبد اللطيف جميل العالمي للتعليم (J-WEL) في معهد ماساتشوستس للتكنولوجيا، الذي يشغل به محمد جميل منصب عضو مدى الحياة.

وانطلاقًا من التزامها بتحسين الرعاية الصحية للجميع  عبر أذرعها المختلفة مثل عيادة جميل في معهد ماساتشوستس للتكنولوجيا، شاركت مجتمع جميل في تأسيس <a href=""https://www.imperial.ac.uk/jameel-institute/"">معهد عبد اللطيف جميل لمكافحة الأمراض المزمنة والأوبئة والأزمات الطارئة</a> (معهد جميل) بالتعاون مع إمبريال كوليدج لندن، بهدف مواجهة تهديدات الأمراض في جميع أنحاء العالم.

ولى معهد جميل قيادة النمذجة الحاسمة لانتشار كوفيد 19 وأطلق <span style=""font-style: inherit; font-weight: inherit;""><a href=""https://www.imperial.ac.uk/news/240191/jameel-institute-announces-initiative-increase-global/"" target=""_blank"" rel=""noopener"">مبادرة معهد جميل- كينيث كورديل جريفين</a> لاقتصاديات التأهب للأوبئة</span><span style=""font-style: inherit; font-weight: inherit;""> لمساعدة الحكومات على نمذجة التأثير الاقتصادي والوبائي لاستجابة الصحة العامة لتفشي الأمراض المعدية</span><span style=""font-style: inherit; font-weight: inherit;"">.</span>

وفي عام 2021، دخلت مجتمع جميل في شراكة مع جامعة إدنبرة، ومنظمة إنقاذ الطفولة، والمعهد الدولي لبحوث الثروة الحيوانية، ومعمل عبد اللطيف جميل لمكافحة الفقر، لتأسيس <a href=""https://jameelobservatory.org/"">مرصد جميل للتدابير الاستباقية في مجال الأمن الغذائي</a>، في نيروبي بكينيا. يعمل مرصد جميل على تسخير قوة علم البيانات في سبيل رصد الأزمات الغذائية والتنبؤ بها واتخاذ تدابير مبكرة لمنع تفشي الجوع الحاد والمجاعات في مواجهة أزمة تغير المناخ.

وفي مجال الموسيقى، شاركت مجتمع جميل ومؤسسة أندريا بوتشيلي، التي يشغل فيها السيد جميل منصب عضو بمجلسها الاستشاري، في إطلاق <a href=""https://www.communityjameel.org/scolarships/bocelli-jameel-scholarship"">منحة دراسية في الكلية الملكية للموسيقى بلندن</a> لدعم الطلاب المحتاجين ومساعدتهم في استكمال دراستهم.

تقلد المهندس محمد عبداللطيف جميل العديد من الأوسمة والجوائز، أبرزها وسام الملك عبدالعزيز من الدرجة الأولى من قبل خادم الحرمين الشريفين، الملك عبدالله بن عبدالعزيز -رحمه الله- وهو أرفع وسام في المملكة العربية السعودية، وذلك تقديراً لمساهمته الجليلة في المساهمة في توفير فرص العمل لمواطني ومواطنات المملكة العربية السعودية. كما حصل على وسام فارس فخري من جلالة الملكة إليزابيث الثانية ملكة بريطانيا، تقديراً لمبادراته الاجتماعية، وأعماله الخيرية، ودعمه لتطوير الفن والثقافة.

<strong>ملاحظة مهمة:</strong>

<span style=""font-size: 14px;"">ليس لدى محمد جميل أي حسابات على وسائل التواصل الاجتماعي، بما في ذلك تويتر، لينكدين، فيسبوك، أو انستجرام؛ ومن ثم فإن أي حسابات تحمل اسمه على تلك المنصات ليست سوى حسابات مزيفة.</span>",publish,7/30/2019 11:08,mohammed-abdul-latif-jameel,https://www.alj.com/app/uploads/2019/07/Mohammed-Abdul-Latif-Jamele-KBE-1.jpeg,"<p>رئيس مجلس الإدارة</p>
<p>شركة عبد اللطيف جميل</p>
",https://media.alj.com/app/uploads/2019/07/Mohammed-Abdul-Latif-Jamele-KBE-2.jpeg,ar,en,93183,,رئيس مجلس الإدارة,شركة عبد اللطيف جميل
42899,Mohammed Jameel KBE,"Mohammed Abdul Latif Jameel 是 Abdul Latif Jameel 主席。Abdul Latif Jameel 是一家独立的国际化家族式多元化经营企业，由他的父亲——已故的 Abdul Latif Jameel 于 1945 年创立。

如今，Abdul Latif Jameel 的核心业务领域包含交通与出行解决方案；金融服务；<a href=""https://aljland.com/"">住宅房地产</a>开发；<a href=""https://frv.com"">可持续能源</a>以及<a href=""https://almarwater.com"">水资源基础设施解决方案</a>和更广泛的环境服务；消费品；<a href=""https://www.delphysme.com/"">广告</a>与<a href=""https://alj-enterprises.com/our-solutions/media-solutions/"">媒体</a>，以及全球<a href=""https://aljhealth.com"">医疗</a>保健。

成立 75 年以来，Abdul Latif Jameel 发展迅速，从深厚的区域根基发展成为一家真正的全球性企业，在包括欧洲、非洲、亚太、北美和南美在内的六大洲的 30 个市场设有分支机构，雇佣了来自 40 多个国家和地区的 11,000 多名员工。Abdul Latif Jameel 以建立长期合作关系而自豪；其中最引人注目的是与丰田汽车公司建立了超过 66 年的密切和相互尊重的合作关系，为中东、北非、土耳其以及包括中国在内的其他国家和地区的客户提供了超过 20 年的产品和服务。

Abdul Latif Jameel 一直奉行“有目的的经营”，通过竞争积极创造价值，并非力求<em>成为</em>世界一流，而是<em>为</em>社区提供一流的产品。这一价值取向同样存在于非经营性投资当中。Jameel 家族的全球投资部门“<a href=""https://jimco.com/"">JIMCO”</a>（安利捷投资管理公司）积极向创新、早期和突破性企业、商业模式和新兴技术投资，旨在积极塑造推动全球经济的核心产业的未来。这些投资包括医疗和医疗保健行业、金融科技、保险科技、电动汽车和未来出行解决方案。Jameel 家族是美国电动汽车制造商 <a href=""https://rivian.com"">RIVIAN </a>的创始股东。

Jameel 先生和 Jameel 家族的其他成员也是位于沙特阿拉伯麦加圣城的 <a href=""https://anjumhotels.com/en/"">Anjum Hotel</a> 的主要投资者/开发商。该酒店第一期有 1,650 间客房，第二期（在建中）有 3 栋高层建筑，共 3,977 间客房。酒店为来自世界各地的朝觐和小朝游客提供宾至如归的热诚服务——将精神与热情结合起来，同时支持并促进当地社区的持续发展。

Jameel 先生和 Jameel 家族都是知名的慈善家，延续了 Jameel 先生的父亲和公司已故创始人 Abdul Latif Jameel 先生在 75 年前开创的传统。

作为中东和北非创造就业倡议<a href=""https://www.babjameeljobs.com/EN/""> Bab Rizq Jameel</a> 的创始人兼主席，Jameel 先生通过招聘计划、小额信贷计划和其他创新项目帮助成千上万的男女通过工作改善生活，为阿拉伯世界的男女提供就业机会。

作为艺术的赞助者，Jameel 先生支持 <a href=""https://artjameel.org/"">Art Jameel</a>（由他的儿子 Fady Jameel 创立），它现在成为世界上最重要的非政府组织之一，专注于培养艺术家和创意社区。Art Jameel 的专家团队以及创新艺术和学习计划纷纷在阿联酋的 <a href=""https://jameelartscentre.org/"">Jameel Arts Centre</a>、迪拜的当代博物馆和沙特阿拉伯的吉达艺术之家 <a href=""https://hayy.artjameel.org/"">Hayy Jameel</a> 扎根。作为王子传统艺术学院的前任受托人和王子基金会的现任大使，Jameel 先生曾与威尔士亲王殿下的慈善机构合作，包括位于开罗和吉达的 Jameel House，以及即将在苏格兰 Dumfries House 庄园落成的 Jameel House。其他长期的 Art Jameel 合作关系包括与纽约大都会艺术博物馆以及<a href=""https://www.vam.ac.uk/collections/islamic-middle-east"">贾米尔画廊（Jameel Gallery）</a>所在地的伦敦维多利亚和阿尔伯特博物馆合作，还有一个广泛的项目，其中包括<a href=""https://www.vam.ac.uk/info/jameel-prize"">贾米尔奖（Jameel Prize）</a>——受伊斯兰传统启发的世界当代艺术和设计大奖。

Jameel 先生还是 <a href=""https://www.communityjameelsaudi.org/en"">Community Jameel Saudi</a> 的创始人和主席，这是沙特阿拉伯的一个基金会，为该国的个人和社区运营一套慈善占比较高的社会、创业和经济发展项目。其重点由六个主要发展领域（能力发展、女性赋权、创业能力提升、气候变化、社区福祉和人道主义计划）决定，其主要目标是：开辟通向经济独立的道路，从而积极促进国家和经济发展。这些举措包括吉达的<a href=""https://www.aljhospital.com/"">安利捷医院（Abdul Latif Jameel Hospital）</a>，该医院由 Jameel 先生的父亲创立，是该地区首个用于身体康复的非营利专业机构，如今是先进疗法的中心。

Jameel 先生是 <a href=""https://communityjameel.org"">Community Jameel</a> 的创始人兼董事长，该机构是一家独立的全球性组织，致力于推动科学发展，帮助社区在瞬息万变的世界中蓬勃发展。

<a href=""https://www.mit.edu/"">麻省理工学院</a>（MIT）校友 Jameel 先生带领 Community Jameel 与 MIT 达成长期深入合作，为以下四个主要中心提供大力支持：<a href=""http://www.povertyactionlab.org/"">贾米尔脱贫行动研究室</a>（J-PAL），其联合创始人 Esther Duflo 和 Abhijit Banerjee 以及 J-PAL 的长期成员 Michael Kremer 获得 2019 年诺贝尔经济学奖；<a href=""http://jwafs.mit.edu/"">安利捷水和食品系统实验室</a>（J-WAFS）；<a href=""https://jwel.mit.edu/"">安利捷世界教育实验室</a>（J-WEL）；以及<a href=""https://jclinic.mit.edu/"">安利捷健康机器学习诊所</a>（Jameel Clinic）。

通过与麻省理工学院合作，Community Jameel 还为来自日本、沙特阿拉伯以及亚洲和非洲其他国家/地区的学生设立了“贾米尔丰田奖学金”（Jameel-Toyota Scholarship，始于 1994 年）；通过每年一度的<a href=""https://www.mitarabcompetition.com/"">创业竞赛</a>，支持和指导阿拉伯世界的企业家（始于 2005 年）；通过 MIT J-WEL 开创了难民教育的创新方法。Jameel 先生是麻省理工学院董事会的终身成员。

除了麻省理工学院的 Jameel Clinic 外，Community Jameel 还致力于改善所有人的医疗保健，与伦敦帝国学院联合创立了<a href=""https://www.imperial.ac.uk/jameel-institute/"">安利捷疾病与紧急情况分析研究所</a>（Jameel Institute），以对抗世界各地疾病的威胁。

2021 年，Community Jameel 与爱丁堡大学、救助儿童会、CGIAR 国际牲畜研究所和 J-PAL 共同在肯尼亚内罗毕启动了<a href=""https://jameelobservatory.org/"">贾米尔粮食安全早期行动观察站（Jameel Observatory for Food Security Early Action）</a>。Jameel Observatory 利用数据科学的力量，监测、预测和提早采取行动，应对气候变化引起的严重饥饿和饥荒。

在音乐方面，Community Jameel 和 Andrea Bocelli 基金会（Jameel 先生是其顾问委员会的成员），在<a href=""https://www.communityjameel.org/scolarships/bocelli-jameel-scholarship"">伦敦皇家音乐学院设立国际奖学金</a>，为有需要的学生提供资助。

Jameel 先生获得了许多荣誉，包括沙特阿拉伯最高荣誉——阿卜杜拉国王颁发的阿卜杜勒·阿齐兹国王一等勋章，以表彰他个人为沙特青年男女创造就业机会所做出的贡献；英国女王伊丽莎白二世授予他荣誉爵士头衔（KBE），以表彰他的慈善活动以及对艺术和文化发展的支持。

重要提示：Mohammed Jameel 没有任何社交媒体帐户，包括 Twitter, LinkedIn, Facebook 或 Instagram。在这些平台上任何带有其名字的帐户都是冒充帐户。",publish,7/30/2019 11:09,mohammed-abdul-latif-jameel,https://www.alj.com/app/uploads/2019/07/Mohammed-Abdul-Latif-Jamele-KBE-1.jpeg,"<p>主席<br />
Abdul Latif Jameel</p>
",https://media.alj.com/app/uploads/2019/07/Mohammed-Abdul-Latif-Jamele-KBE-2.jpeg,zh-hans,en,93183,,主席,Abdul Latif Jameel
42921,Mohammed Jameel KBE,"Mohammed Abdul Latif Jameel est le président d’<a href=""https://www.alj.com/en/"">Abdul Latif</a> <a href=""https://www.alj.com/en/"">J</a><a href=""https://www.alj.com/en/"">ameel</a>, un ensemble d’entreprises indépendantes, familiales, diversifiées et internationales fondé en 1945 par son père, feu Abdul Latif Jameel.

Aujourd’hui, les principaux domaines d’activité d’Abdul Latif Jameel comprennent les solutions de transport et de mobilité, les services financiers, le développement <a href=""https://aljland.com/"">immobilier résidentiel</a>, les <a href=""https://frv.com"">solutions d’infrastructure énergétique</a> et <a href=""https://almarwater.com"">hydrique durables</a> et les services environnementaux au sens plus large, les produits de consommation, la <a href=""https://www.delphysme.com/"">publicité</a> et les <a href=""https://alj-enterprises.com/our-solutions/media-solutions/"">médias</a>, ainsi que les soins de <a href=""https://aljhealth.com"">santé</a> à l’échelle mondiale.

Abdul Latif Jameel, dont les racines régionales sont profondément ancrées, s’est développée de manière significative au cours de ses 75 ans d’histoire. Elle est devenue une entreprise véritablement mondiale avec une présence sur 30 marchés et plus de six continents, dont l’Europe, l’Afrique, l’Asie-Pacifique, l’Amérique du Nord et l’Amérique du Sud, et emploie plus de 11 000 personnes de plus de 40 nationalités. Abdul Latif Jameel est fier de tisser des relations durables, la plus remarquable étant un partenariat étroit et mutuellement respectueux avec Toyota Motor Corporation depuis plus de 66 ans, pour servir nos clients à travers le Moyen-Orient, l’Afrique du Nord, la Turquie et même la Chine depuis plus de deux décennies.

Abdul Latif Jameel a toujours cru en « l’entreprise avec une raison d’être » et a toujours cherché à créer de la valeur activement, pas pour être le meilleur <em>au</em> <em>monde</em>, mais le meilleur <em>pour</em> <em>la communauté</em>. Cette approche est également inhérente aux investissements non opérationnels. La branche d’investissement mondiale de la famille Jameel, <a href=""https://jimco.com/"">JIMCO</a> (Abdul Latif Jameel Investment Management Company), qui investit activement dans des entreprises innovantes et en phase précoce, des modèles commerciaux et des technologies émergentes, vise à façonner positivement l’avenir des secteurs fondamentaux sur lesquels repose l’économie mondiale. Ces investissements comprennent le secteur médical et de la santé, la technologie financière, l’insurtech, les véhicules électriques et les solutions de mobilité futures. La famille Jameel a été l’actionnaire fondateur du fabricant de véhicules électriques <a href=""https://rivian.com"">RIVIAN</a>, basé aux États-Unis.

M. Jameel ainsi que d’autres membres de la famille Jameel sont également des investisseurs/développeurs majeurs de l’<a href=""https://anjumhotels.com/en/"">hôtel Anjum</a> dans la ville sainte de La Mecque, en Arabie saoudite. L’établissement compte 1 650 chambres dans sa première phase et une deuxième phase (en construction) de trois tours et 3 977 chambres. L’hôtel offre un véritable accueil hijazi aux visiteurs du Hajj et de l’Umrah venus du monde entier. Il allie spiritualité et hospitalité tout en soutenant et en contribuant à la croissance continue de la communauté locale.

M. Jameel et la famille Jameel sont connus pour être des philanthropes, poursuivant une tradition qui a commencé il y a plus de 75 ans par le père de M. Jameel et fondateur de l’entreprise, le défunt M. Abdul Latif Jameel.

En tant que fondateur de <a href=""https://www.babjameeljobs.com/EN/"">Bab Rizq Jameel</a>, une initiative de création d’emploi au Moyen-Orient et en Afrique du Nord, M. Jameel a amélioré les conditions de vie de centaines de milliers de personnes grâce à une série d’initiatives de recrutement, de programmes de microfinance et d’autres projets innovants conçus pour offrir des opportunités d’emploi aux hommes et aux femmes dans le monde arabe.

Dans le cadre de ses activités de mécénat, M. Jameel soutient <a href=""https://artjameel.org/"">Art Jameel</a> (fondé par son fils, Fady Jameel), qui est aujourd’hui l’une des ONG les plus importantes au monde dans le domaine de l’accompagnement des artistes et des communautés créatives. L’équipe d’experts d’Art Jameel et les programmes d’art et d’apprentissage innovants sont ancrés dans les Émirats arabes unis au <a href=""https://jameelartscentre.org/"">Jameel Arts Centre</a>, le musée contemporain de Dubaï, et en Arabie saoudite à <a href=""https://hayy.artjameel.org/"">Hayy Jameel</a>, le domicile de Jeddah pour les arts. En tant qu’ancien administrateur de la Prince’s School of Traditional Arts et désormais ambassadeur de la Prince’s Foundation, M. Jameel a travaillé avec Sa Majesté le prince de Galles, les Jameel Houses au Caire et à Djeddah, et la future Jameel House en Écosse, sur le domaine Dumfries House. Les autres partenariats de longue date d’Art Jameel comprennent ceux avec le Metropolitan Museum of Art, New York, et le Victoria &amp; Albert Museum de Londres, qui abrite la <a href=""https://www.vam.ac.uk/collections/islamic-middle-east"">Jameel Gallery</a> et un vaste programme qui comprend <a href=""https://www.vam.ac.uk/info/jameel-prize"">le prix Jameel</a>, le prix mondial pour l’art contemporain et le design inspiré par les traditions islamiques par excellence.

M. Jameel est également fondateur et président de <a href=""https://www.communityjameelsaudi.org/en"">Community Jameel Saudi</a>, une fondation saoudienne qui gère un ensemble considérable de programmes philanthropiques de développement social, entrepreneurial et économique pour les individus et la communauté dans le pays. Son objectif est réparti entre six principaux domaines de développement : le développement des compétences, l’émancipation des femmes, le développement de l’entrepreneuriat, le changement climatique, le bien-être communautaire et les initiatives humanitaires, avec un objectif principal : créer des voies vers l’indépendance économique et contribuer ainsi activement au développement de la nation et de son économie. Les initiatives comprennent l’<a href=""https://www.aljhospital.com/"">Hôpital Abdul Latif Jameel</a> de Jeddah, créé par le père de M. Jameel en tant que premier établissement spécialisé à but non lucratif de la région pour la rééducation physique, et qui est aujourd’hui un centre de thérapies avancées.

M. Jameel est le fondateur et le président de <a href=""https://communityjameel.org"">Community Jameel</a>, une organisation mondiale indépendante qui fait progresser la science pour aider les communautés à prospérer dans un monde en évolution rapide.

Diplômé du <a href=""https://www.mit.edu/"">Massachusetts Institute of Technology</a> (MIT), M Jameel a permis à Community Jameel d’établir une collaboration étroite et pérenne avec le MIT, sur laquelle repose une grande partie du travail de développement mondial de Community Jameel par le biais de quatre grands centres : le <a href=""http://www.povertyactionlab.org/"">Laboratoire d’action contre la pauvreté Abdul Latif Jameel</a> (« Jameel Poverty Action Lab », J-PAL), dont les cofondateurs Esther Duflo et Abhijit Banerjee ainsi que Michael Kremer, affilié de longue date à J-PAL, ont remporté le Prix Nobel d’Économie en 2019 ; le <a href=""http://jwafs.mit.edu/"">Laboratoire des systèmes d’eau et d’alimentation Abdul Latif Jameel</a> (« Jameel Water and Food Systems », J-WAFS) ; le <a href=""https://jwel.mit.edu/"">Laboratoire d’éducation mondiale Abdul Latif Jameel</a> (« Jameel World Education Lab », J-WEL) ; et la <a href=""https://jclinic.mit.edu/"">Clinique pour l’apprentissage automatique dans le domaine de la santé Abdul Latif Jameel</a> (Jameel Clinic).

Avec le MIT, Community Jameel a également créé la bourse d’études universitaires de premier cycle Jameel-Toyota pour des étudiants du Japon, d’Arabie saoudite et d’autres pays d’Asie et du Moyen-Orient (depuis 1994) ; a soutenu et encadré des entrepreneurs dans le monde arabe par le biais de la <a href=""https://www.mitarabcompetition.com/"">Start-up competition</a> (depuis 2005) ; et, par le biais de J-WEL du MIT, a été le pionnier d’approches innovantes en matière d’éducation des réfugiés. M. Jameel est membre à vie de MIT Corporation.

Engagé à améliorer les soins de santé pour tous, en plus de la clinique Jameel au MIT, Community Jameel a cofondé l’<a href=""https://www.imperial.ac.uk/jameel-institute/"">Institut Abdul Latif Jameel pour l’analyse des maladies et des urgences</a> (Institut Jameel) avec l’Imperial College de Londres, afin de lutter contre les risques de maladies dans le monde.

En 2021, Community Jameel, avec l’Université d’Édimbourg, Save the Children, le CGIAR International Livestock Research Institute et J-PAL, a lancé le <a href=""https://jameelobservatory.org/"">Observatoire Jameel pour une action rapide en matière de sécurité alimentaire</a> à Nairobi, au Kenya. L’Observatoire Jameel exploite la puissance de la science des données pour surveiller, prévoir et permettre des actions précoces contre les épidémies la faim aiguë et la famine face au changement climatique.

Dans le domaine de la musique, Community Jameel et la fondation Andrea Bocelli, où M. Jameel siège au conseil consultatif, ont cofondé une <a href=""https://www.communityjameel.org/scolarships/bocelli-jameel-scholarship"">bourse au Royal College of Music de Londres</a> pour soutenir les étudiants dans le besoin.

M. Jameel a reçu un certain nombre d’honneurs, dont la plus haute distinction d’Arabie saoudite, la médaille de Premier Ordre du roi Abdul Aziz, du roi Abdullah en reconnaissance de sa contribution personnelle aux initiatives de création d’emplois parmi les jeunes hommes et femmes saoudiens ; et a été adoubé Chevalier honoraire (KBE) par Sa Majesté Elizabeth II pour ses activités philanthropiques et son soutien au développement des arts et de la culture.

Remarque importante : Mohammed Jameel ne possède aucun compte de réseau social, notamment Twitter, LinkedIn, Facebook ou Instagram. Tous les comptes portant son nom sur ces plateformes sont des comptes d’imposteurs.",publish,7/30/2019 11:09,mohammed-abdul-latif-jameel,https://www.alj.com/app/uploads/2019/07/Mohammed-Abdul-Latif-Jamele-KBE-1.jpeg,"<p>Président<br />
Abdul Latif Jameel</p>
",https://media.alj.com/app/uploads/2019/07/Mohammed-Abdul-Latif-Jamele-KBE-2.jpeg,fr,en,93183,,Président,Abdul Latif Jameel
42943,モハメッド・ジャミール・KBE,"モハメッド・アブドゥル・ラティフ・ジャミールは、父の故アブドゥル・ラティフ・ジャミールが1945年に創業して以来、多岐にわたる国際事業を展開している<a href=""https://www.alj.com/en/"">Abdul Latif Jameel</a>（アブドゥル・ラティフ・ジャミール）の会長。

Abdul Latif Jameelは現在、交通・モビリティソリューション、金融サービス、<a href=""https://aljland.com/"">住宅用不動産</a>開発、<a href=""https://frv.com"">再生可能エネルギー</a>、<a href=""https://almarwater.com"">水インフラソリューション</a>、環境関連サービス、消費者向け製品、<a href=""https://www.delphysme.com/"">広告</a>・<a href=""https://alj-enterprises.com/our-solutions/media-solutions/"">メディア</a>、グローバル<a href=""https://aljhealth.com"">医療</a>の分野を中心に幅広い事業を展開しています。

創業75年の歴史において、Abdul Latif Jameelは実に目覚ましい発展を遂げてきました。地域に深く根ざした事業の成功を受け、現在では欧州、アフリカ、アジア太平洋地域、南北アメリカの6大陸30か国に進出を果たし、40か国以上の多様な国籍を持つ約11,000名の従業員を抱えています。Abdul Latif Jameelは長期的な事業提携を誇りにしています。特にトヨタ自動車とは66年以上にわたる相互尊重に基づいた密接なパートナーシップを確立しており、中東、北アフリカ、トルコをはじめ、中国などにも20年以上にわたりサービスを展開しています。

Abdul Latif Jameelは「有意な事業」を信条に掲げ、世界の<em>トップ</em>に君臨することよりも、世界に<em>貢献</em>することに大きな付加価値を見いだしており、その姿勢は投資基準にも反映されています。ジャミール・ファミリーの国際投資部門である<a href=""https://jimco.com/"">JIMCO</a>（Abdul Latif Jameel Investment Management Company／アブドゥル・ラティフ・ジャミール・インベストメント・マネジメント・カンパニー）は、革新的で画期的なスタートアップ企業や事業モデル、新興技術への積極的な投資を通じて、世界経済を活性化する未来の基幹産業の形成を目指しており、医療・ヘルスケア産業、フィンテック、インシュアテック、電気自動車、未来のモビリティソリューションなどの分野を中心に様々な投資を実施しています。また、ジャミール・ファミリーは、米国を拠点とする電気自動車メーカー<a href=""https://rivian.com"">RIVIAN</a>（リビアン）の設立当初からの株主です。

モハメッド・ジャミールは、ジャミール・ファミリーと共に、サウジアラビアの聖なる都市メッカにある<a href=""https://anjumhotels.com/en/"">Anjum Hotel（アンジュムホテル）</a>への投資開発に大きく携わっています。第1フェーズで計1,650室を擁するホテルとして誕生したAnjum Hotelは、現在第2フェーズが進行しており、新たに3棟（計3,977室）の建設が予定されています。スピリチュアリティとホスピタリティを大事にするAnjum Hotelでは、世界中からハッジやウムラに訪れるムスリムのお客様にヒジャジ流の温かみのあるおもてなしを提供しながら、地元の地域社会の継続的な発展に寄与しています。

モハメッド・ジャミールは、ジャミール・ファミリーと共に、父であり創業者のアブドゥル・ラティフ・ジャミールの意思を継ぎ、75年以上にわたる社会貢献活動を実施してきました。

<a href=""https://www.babjameeljobs.com/EN/"">Bab Rizq Jameel（バブ・リズク・ジャミール）</a>の創業者兼会長として、中東および北アフリカにおける雇用創出に尽力し、仕事や採用への取り組み、マイクロファイナンス・プログラムなどの革新的なプロジェクトを通じて、数十万に上るアラブ地域の男女に雇用の機会を提供し、生活の改善に貢献しています。

また、芸術の後援者として（息子のファディ・ジャミールが創設した）<a href=""https://artjameel.org/"">Art Jameel（アート・ジャミール）</a>を支援しています。同団体は、アーティストやクリエイティブ・コミュニティの育成に重点的に取り組む世界有数のNGO（非政府組織）として認知されています。Art Jameelは、アラブ首長国連邦にある<a href=""https://jameelartscentre.org/"">Jameel Arts Centre（ジャミール・アーツ・センター）</a>やドバイの現代美術館をはじめ、サウジアラビアのジェッダにある芸術複合施設 <a href=""https://hayy.artjameel.org/"">Hayy Jameel（ハイ・ジャミール）</a>に専門チームを派遣し、画期的な芸術学習プログラムを実践しています。さらに、Prince’s School of Traditional Arts（プリンス・スクール・オブ・トラディショナル・アーツ）の前理事、現在はPrince’s Foundation（プリンス・ファンデーション）の大使を務めており、英国皇太子殿下と共に社会貢献活動に勤しんできました。Jameel House（ジャミール・ハウス）もその一環で、カイロとジェッダに続き、スコットランドのダムフリース・ハウスにもJameel Houseが新設される予定です。Art Jameelは、ニューヨークのメトロポリタン美術館や、<a href=""https://www.vam.ac.uk/collections/islamic-middle-east"">Jameel Gallery（ジャミール・ギャラリー）</a>が併設されているロンドンのヴィクトリア＆アルバート博物館など、世界的に有名な博物館や美術館と長期的なパートナーシップを築いており、<a href=""https://www.vam.ac.uk/info/jameel-prize"">ジャミール賞</a>（イスラムの伝統からインスピレーションを得て制作された現代アートやデザインに贈られる世界最高峰の賞）を含む幅広いプログラムを提供しています。

モハメッド・ジャミールは、個人や地域社会に向けた社会貢献活動を基盤に、数多くの社会活動・起業・経済発展プログラムを運営するサウジアラビアの財団、<a href=""https://www.communityjameelsaudi.org/en"">Community Jameel Saudi（コミュニティ・ジャミール・サウジ）</a>の創設者兼会長も務めています。その活動は、6つの主要な開発分野（能力開発、女性のエンパワメント、起業家精神の向上、気候変動、社会福祉、人道支援イニシアチブ）に集約されており、人々を経済的自立へ導き、国や経済の発展に積極的に貢献することを目指しています。ジェッダにある<a href=""https://www.aljhospital.com/"">Abdul Latif Jameel Hospital（アブドゥル・ラティフ・ジャミール病院）</a>は、モハメッド・ジャミールの父により同地域初の非営利のリハビリ専門施設として設立され、現在では高度な医療センターとして知られています。

モハメッド・ジャミールは、急速に変遷する世界の中で、科学を地域社会の繁栄に役立てることを目的に設立された独立した国際組織<a href=""https://communityjameel.org"">Community Jameel（コミュニティ・ジャミール）</a>の創業者兼会長です。

マサチューセッツ工科大学（<a href=""https://www.mit.edu/"">MIT</a>）の卒業生であるジャミールは、Community JameelをMITとの長年にわたる深い協力関係に導き、<a href=""http://www.povertyactionlab.org/"">Abdul Latif Jameel Poverty Action Lab</a>（J-PAL）、<a href=""http://jwafs.mit.edu/"">Abdul Latif Jameel Water and Food Systems Lab</a>（J-WAFS）、<a href=""https://jwel.mit.edu/"">Abdul Latif Jameel World Education Lab</a>（J-WEL）、<a href=""https://jclinic.mit.edu/"">Abdul Latif Jameel Clinic for Machine Learning in Health</a>（J-Clinic）のMITの4つの主要なセンターを通じて、Community Jameelの事業を支えてきました。J-PALの共同創設者であるエスター・デュフロ氏とアビジット・バネルジー氏は、同共同研究者のマイケル・クレマー氏と共に、2019年にノーベル経済学賞を受賞しています。

また、Community JameelはMITと共に、1994年に日本、サウジアラビア、アジア、アフリカの学部生を対象とするジャミール・トヨタ奨学金を設立し、2005年以降は<a href=""https://www.mitarabcompetition.com/"">スタートアップ・コンペティション</a>を通じてアラブ世界の起業家を支援および指導すると共に、J-WELを通じて難民教育への革新的なアプローチを開拓してきました。モハメッド・ジャミールは、MIT Corporationの終身名誉会員です。

世界中の人々の医療を改善することを目指し、Community Jameelは、MITのJameel Clinicに加え、インペリアル・カレッジ・ロンドンと共同で<a href=""https://www.imperial.ac.uk/jameel-institute/"">Abdul Latif Jameel Institute for Disease and Emergency Analytics（アブドゥル・ラティフ・ジャミール・インスティチュート・フォー・ディジーズ・アンド・エマージェンシー・アナリティクス）</a>を設立し、世界の疾病の脅威と戦っています。

2021年、Community Jameelは、エジンバラ大学、セーブ・ザ・チルドレン、CGIAR国際家畜研究所、J-PALと共同でケニアのナイロビに<a href=""https://jameelobservatory.org/"">Jameel Observatory for Food Security Early Action（ジャミール・オブザーバトリー・フォー・フードセキュリティ・アーリーアクション）</a>を設立しました。Jameel Observatoryは、データサイエンスを駆使して気候変動に伴う深刻な飢餓や飢饉を監視、予測し、早期対策を実施しています。

音楽分野では、ジャミールが諮問委員を務めるアンドレア・ボチェッリ基金と共同で、<a href=""https://www.communityjameel.org/scolarships/bocelli-jameel-scholarship"">ロンドンの王立音楽院に奨学金</a>を設立し、学生を支援しています。

モハメッド・ジャミールは、サウジアラビアの若い男女の雇用創出の取り組みに対する個人的な貢献を称えられ、アブドゥッラー国王陛下からサウジアラビアで最高位の賞であるKing Abdul Aziz Medal of the First Orderを受勲し、社会貢献活動と文化芸術の発展への支援に対してエリザベス2世女王陛下からは名誉爵位（KBE）を授与されるなど、多数の賞や栄誉を授与しています。

重要事項：モハメッド・ジャミールは、Twitter、LinkedIn、Facebook、Instagramなどのソーシャルメディアアカウントは一切所有していません。モハメッド・ジャミールの名を語るアカウントはすべてなりすましですのでご注意ください。",publish,7/30/2019 11:09,mohammed-abdul-latif-jameel,https://www.alj.com/app/uploads/2019/07/Mohammed-Abdul-Latif-Jamele-KBE-1.jpeg,"<p>会長<br />
Abdul Latif Jameel</p>
",https://media.alj.com/app/uploads/2019/07/Mohammed-Abdul-Latif-Jamele-KBE-2.jpeg,ja,en,93183,,会長,Abdul Latif Jameel
42965,Mohammed Jameel KBE,"Mohammed Abdul Latif Jameel es presidente de <a href=""https://www.alj.com/en/"">Abdul Latif Jameel</a>, un colectivo de empresas internacionales y diversificadas de propiedad familiar fundado en 1945 por su padre, el difunto Abdul Latif Jameel.

En la actualidad, las principales áreas empresariales de Abdul Latif Jameel incluyen soluciones de transporte y movilidad, servicios financieros, desarrollo de <a href=""https://aljland.com/"">proyectos inmobiliarios residenciales</a>, <a href=""https://frv.com"">soluciones de infraestructuras energéticas</a> e <a href=""https://almarwater.com"">hídricas sostenibles</a> y servicios medioambientales más amplios, productos de consumo, <a href=""https://www.delphysme.com/"">publicidad</a> y <a href=""https://alj-enterprises.com/our-solutions/media-solutions/"">medios de comunicación</a>, así como atención <a href=""https://aljhealth.com"">sanitaria</a> global.

En sus 75 años de historia, Abdul Latif Jameel ha crecido significativamente, floreciendo desde sus profundas raíces regionales hasta convertirse en un negocio verdaderamente global con presencia en 30 mercados en seis continentes, incluyendo Europa, África, Asia-Pacífico, América del Norte y del Sur, con más de 11 000 empleados de más de 40 nacionalidades. Abdul Latif Jameel se enorgullece de forjar relaciones duraderas; la más notable es una asociación estrecha y mutuamente respetuosa con Toyota Motor Corporation de más de 66 años, con la que hemos atendido a nuestros clientes de Oriente Medio, África del Norte, Turquía y otros países, incluida China, durante más de dos décadas.

Abdul Latif Jameel siempre ha apostado por hacer “negocios con propósito”, esforzándose para crear valor activamente, no con el objetivo de ser los mejores <em>del</em> mundo, sino de ser los mejores <em>para</em> la comunidad. Este enfoque también está presente en sus inversiones no operativas. La división de inversiones global de la familia Jameel, “<a href=""https://jimco.com/"">JIMCO</a>” (Abdul Latif Jameel Investment Management Company) invierte activamente en empresas innovadoras, incipientes y revolucionarias, así como en modelos de negocio y tecnologías emergentes, con el objetivo de influir positivamente en el futuro de las industrias centrales que impulsan la economía global. Estas inversiones abarcan sectores médicos y sanitarios, fintech, insurtech, vehículos eléctricos y soluciones de movilidad futuras. La familia Jameel estuvo entre los accionistas fundadores del fabricante de vehículos eléctricos estadounidense <a href=""https://rivian.com"">RIVIAN</a>.

El Sr. Jameel, junto con otros miembros de la familia Jameel, es también uno de los principales inversores/promotores del <a href=""https://anjumhotels.com/en/"">Anjum Hotel</a> situado en la Ciudad Santa de La Meca (Arabia Saudí), el cual cuenta con 1650 habitaciones en la primera fase y una segunda fase (en construcción) de 3 torres con 3977 habitaciones. El hotel ofrece una genuina bienvenida en hiyazí a los visitantes de todo el mundo que acuden realizando las peregrinaciones del hach y la umrah, uniendo la espiritualidad con la hospitalidad al tiempo que se apoya y contribuye al crecimiento continuo de la comunidad local.

El Sr. Jameel y la familia Jameel son filántropos, y continúan una tradición iniciada hace más de tres cuartos de siglo por el padre del Sr. Jameel y difunto fundador de la empresa, el Sr. Abdul Latif Jameel.

Como fundador y presidente de <a href=""https://www.babjameeljobs.com/EN/"">Bab Rizq Jameel</a>, una iniciativa de creación de empleo en Oriente Medio y el norte de África, el Sr. Jameel ha ayudado a cientos de miles de hombres y mujeres a mejorar sus vidas a través del trabajo, con iniciativas de reclutamiento, programas de microfinanciación y otros proyectos innovadores destinados a proporcionar oportunidades de trabajo a hombres y mujeres en el mundo árabe.

Como mecenas de las artes, el Sr. Jameel apoya a <a href=""https://artjameel.org/"">Art Jameel</a> (fundada por su hijo, Fady Jameel), que ahora es una de las ONG más importantes del mundo centrada en promover a artistas y comunidades creativas. El equipo de expertos de Art Jameel y sus innovadores programas de arte y aprendizaje están ubicados en los Emiratos Árabes Unidos en el <a href=""https://jameelartscentre.org/"">Jameel Arts Centre</a>, el museo contemporáneo de Dubái, y en Arabia Saudí en <a href=""https://hayy.artjameel.org/"">Hayy Jameel</a>, el hogar de las artes en Yeda. Como antiguo fideicomisario de la Prince’s School of Traditional Arts y actual embajador de The Prince’s Foundation, el Sr. Jameel ha trabajado con las organizaciones benéficas de S. A. R. el Príncipe de Gales, incluidas las Jameel Houses en El Cairo y Yeda, y la próxima Jameel House en Escocia, en Dumfries House. Otras longevas asociaciones con Art Jameel incluyen las del Metropolitan Museum of Art, Nueva York, y el Victoria &amp; Albert Museum, Londres, sede de la <a href=""https://www.vam.ac.uk/collections/islamic-middle-east"">Jameel Gallery</a> y un amplio programa que incluye los <a href=""https://www.vam.ac.uk/info/jameel-prize"">Premios Jameel</a>, los primeros premios mundiales al arte contemporáneo y al diseño inspirado en las tradiciones islámicas.

El Sr. Jameel también es fundador y presidente de <a href=""https://www.communityjameelsaudi.org/en"">Community Jameel Saudi</a>, una fundación saudí que opera un conjunto considerable de programas de desarrollo social, empresarial y económico con motivación filantrópica para beneficiar a las personas y la comunidad del país. Su actividad se divide en seis áreas principales: desarrollo de competencias, empoderamiento de la mujer, avance del espíritu empresarial, cambio climático, bienestar comunitario e iniciativas humanitarias, con un objetivo principal: crear caminos hacia la independencia económica y contribuir de forma activa al desarrollo de la nación y su economía. Las iniciativas incluyen el <a href=""https://www.aljhospital.com/"">Hospital Abdul Latif Jameel</a> en Yeda, establecido por el padre del Sr. Jameel como la primera instalación sin ánimo de lucro de la región especializada en rehabilitación física, y que hoy en día es un centro para terapias avanzadas.

El Sr. Jameel es fundador y presidente de <a href=""https://communityjameel.org"">Community Jameel</a>, una organización independiente y global que promueve la ciencia para ayudar a las comunidades a prosperar en un mundo que cambia rápidamente.

Antiguo alumno del <a href=""https://www.mit.edu/"">Instituto Tecnológico de Massachusetts</a> (ITM) el Sr. Jameel ha sido testigo de del desarrollo de una larga y sólida colaboración entre Community Jameel y el ITM, con el apoyo de cuatro centros principales: el <a href=""http://www.povertyactionlab.org/"">Laboratorio de Acción contra la Pobreza Abdul Latif Jameel</a> (Jameel Poverty Action Lab, J-PAL), cuyos cofundadores Esther Duflo y Abhijit Banerjee, junto con el antiguo afiliado de J-PAL, Michael Kremer, ganaron el Premio Nobel de Economía de 2019; el <a href=""http://jwafs.mit.edu/"">Laboratorio de Sistemas de Agua y Alimentos Abdul Latif Jameel</a> (Jameel Water and Food Systems, J-WAFS); el <a href=""https://jwel.mit.edu/"">Laboratorio de Educación Mundial Abdul Latif Jameel</a> (Jameel World Education Lab, J-WEL); y la <a href=""https://jclinic.mit.edu/"">Clínica Abdul Latif Jameel para el Aprendizaje Automático de la Salud</a> (Jameel Clinic).

Con ITM, Community Jameel también ha creado la beca Jameel-Toyota para estudiantes universitarios de Japón, Arabia Saudí y otros países de Asia y África (desde 1994); apoyado y orientado a emprendedores de todo el mundo árabe mediante una <a href=""https://www.mitarabcompetition.com/"">competición de start-ups</a> anual (desde 2005); y a través de ITM J-WEL, ha sido pionero en enfoques innovadores para la educación de refugiados. El Sr. Jameel es miembro vitalicio de ITM Corporation.

Comprometidos con la mejora de la atención sanitaria para todos, además de la Clínica Jameel en el ITM, Community Jameel cofundó el <a href=""https://www.imperial.ac.uk/jameel-institute/"">Instituto de Investigación de Enfermedades y Emergencias Abdul Latif Jameel</a> (Instituto Jameel) con el Imperial College London, para combatir las amenazas de enfermedades en todo el mundo.

En 2021, Community Jameel, junto con la Universidad de Edimburgo, Save the Children, CGIAR, Instituto Internacional de Investigación Ganadera y J-PAL, lanzó el <a href=""https://jameelobservatory.org/"">Observatorio Jameel para la acción temprana en materia de seguridad alimentaria</a> en Nairobi, Kenia. El Observatorio Jameel aprovecha el poder de la ciencia de los datos para supervisar, pronosticar y permitir la acción temprana contra los brotes de hambre aguda y la hambruna como consecuencia del cambio climático.

En música, Community Jameel y la Andrea Bocelli Foundation, donde el Sr. Jameel es miembro del consejo asesor, han cofundado una <a href=""https://www.communityjameel.org/scolarships/bocelli-jameel-scholarship"">beca en el Royal College of Music de Londres</a> para apoyar a los estudiantes necesitados.

El Sr. Jameel ha sido reconocido con varios honores, incluyendo el premio más alto en Arabia Saudí, la Medalla Rey de Abdul Aziz de la Primera Orden, de Su Majestad el Rey Abdullah en reconocimiento a su contribución personal a las iniciativas de creación de empleo entre hombres y mujeres jóvenes saudíes, y un título de caballero honorario (KBE), de Su Majestad la Reina Isabel II por sus actividades filantrópicas y su apoyo al desarrollo de las artes y la cultura.

Nota importante: Mohammed Jameel no tiene ninguna cuenta en redes sociales, como Twitter, LinkedIn, Facebook o Instagram. Todas las cuentas que llevan su nombre en esas plataformas son cuentas falsas.",publish,7/30/2019 11:09,mohammed-abdul-latif-jameel,https://www.alj.com/app/uploads/2019/07/Mohammed-Abdul-Latif-Jamele-KBE-1.jpeg,"<p>Presidente<br />
Abdul Latif Jameel</p>
",https://media.alj.com/app/uploads/2019/07/Mohammed-Abdul-Latif-Jamele-KBE-2.jpeg,es,en,93183,,Presidente,Abdul Latif Jameel
42987,"Mohammed Jameel, KBE (Fahri Şovalye)","Mohammed Abdul Latif Jameel; 1945 yılında babası merhum Abdul Latif Jameel tarafından kurulmuş, farklı alanlarda faaliyet gösteren, uluslararası ve aile kökenli bir bağımsız işletmeler topluluğu olan <a href=""https://www.alj.com/en/"">Abdul Latif Jameel</a>’in Yönetim Kurulu Başkanı.

Bugün Abdul Latif Jameel’in temel faaliyet alanları arasında ulaşım ve mobilite çözümleri, finansal hizmetler, <a href=""https://aljland.com/"">konut gayrimenkul</a> geliştirme, <a href=""https://frv.com"">sürdürülebilir enerji</a>, <a href=""https://almarwater.com"">su altyapısı çözümleri</a> ve daha geniş kapsamda çevre hizmetleri, tüketim ürünleri, <a href=""https://www.delphysme.com/"">reklamcılık</a> ve <a href=""https://alj-enterprises.com/our-solutions/media-solutions/"">medya işleri</a> ile birlikte küresel <a href=""https://aljhealth.com"">sağlık</a> hizmetleri yer almaktadır.

Abdul Latif Jameel, 75 yıllık tarihi süresince önemli ölçüde büyüme göstermiştir: Derin bölgesel köklerinin üzerinde yükselerek Avrupa, Afrika, Asya Pasifik, Kuzey ve Güney Amerika dahil olmak üzere altı kıtadaki 30 pazarda faaliyet gösteren ve 40’tan fazla millete mensup 11.000’i aşkın kişiyi istihdam eden, gerçek anlamda küresel bir şirket haline gelmiştir. Abdul Latif Jameel, vizyonunu gerçekleştirirken karşılıklı saygı temelinde kurduğu samimi ve uzun ömürlü ilişkilerden gurur duymaktadır. Bunlardan en önemlisi; 66 yıldan uzun bir süredir Orta Doğu, Kuzey Afrika ve Türkiye’de ve yirmi yılı aşkın bir süredir Çin’i de kapsayan daha geniş bir coğrafyada müşteri kitlemize hizmet sunmamızı sağlayan Toyota Motor Corporation ortaklığıdır.

Abdul Latif Jameel her zaman “belirli bir amacı olan faaliyetlere” inanmıştır ve <em>dünyanın</em> en iyisi değil, <em>toplum için</em> en iyisi olmak amacıyla rekabet ederek aktif bir şekilde değer yaratmaya çalışmıştır. Bu yaklaşım aynı zamanda operasyonel olmayan yatırımların da özünde yer edinmiş bir yaklaşımdır. Jameel Ailesinin küresel yatırım kolu olan “<a href=""https://jimco.com/"">JIMCO”</a> (Abdul Latif Jameel Yatırım Yönetimi Şirketi), küresel ekonomiyi yönlendiren temel endüstrilerin geleceğini olumlu biçimde şekillendirmeyi hedefleyen yenilikçi, erken evre ve çığır açan girişimlere, iş modellerine ve acil olarak ihtiyaç duyulan teknolojilere aktif olarak yatırım yapmaktadır. Bu yatırımların kapsamında tıp ve sağlık sektörleri, finans teknolojisi, sigorta teknolojisi, elektrikli araçlar ve geleceğin mobilite çözümleri bulunmaktadır. Jameel Ailesi, ABD merkezli elektrikli araç üreticisi <a href=""https://rivian.com"">RIVIAN</a>’ın kurucu hissedarlarındandır.

Sn. Jameel, Jameel Ailesinin diğer üyeleri ile birlikte; Suudi Arabistan’ın Kutsal Şehri Mekke’de bulunan ve birinci safhada 1.650 odası, inşaat halindeki ikinci safhada ise 3 kulede 3.977 odası olan <a href=""https://anjumhotels.com/en/"">Anjum Hotel</a>’in en büyük yatırımcı/geliştiricilerinden biridir. Dünyanın dört bir yanından gelen Hac ve Umre ziyaretçilerine gerçek bir Hicaz misafirperverliği sunan bu otel, konukseverlikle maneviyatı bir araya getirirken aynı zamanda yerel topluluğun sürekli gelişimine destek ve katkı sağlar.

Mohammed Jameel ve Jameel Ailesi; Sn. Jameel’in babası ve bu köklü şirketin kurucusu olan merhum Sn. Abdul Latif Jameel’in 75 yılı aşkın bir süre önce başlatmış olduğu geleneği sürdüren tanınmış hayırseverlerdir.

Orta Doğu ve Kuzey Afrika’da bir iş yaratma girişimi olarak kurulan <a href=""https://www.babjameeljobs.com/EN/"">Bab Rizq Jameel</a>’in Kurucusu ve Başkanı olarak Sn. Jameel; istihdam girişimleri, mikro finans programları ve Arap dünyasındaki erkek ve kadınlara iş fırsatları sağlamaya yönelik diğer yenilikçi projelerle yüz binlerce kişinin yaşam standartlarını geliştirmesine yardımcı olmuştur.

Bir sanat tutkunu olan Sn. Jameel, oğlu Fady Jameel tarafından kurulan ve sanatçılarla yaratıcı toplulukları destekleme odağıyla dünyanın en önemli STK’larından biri haline gelen <a href=""https://artjameel.org/"">Art Jameel</a>’i desteklemektedir. Art Jameel’in uzman ekibi ve yenilikçi sanat ve eğitim programları, BAE’nin başkenti Dubai’de bulunan modern sanat müzesi <a href=""https://jameelartscentre.org/"">Jameel Arts Centre</a> ve Suudi Arabistan’daki Cidde şehrinin sanat merkezi <a href=""https://hayy.artjameel.org/"">Hayy Jameel</a> ile sıkı sıkıya bağlantı halindedir. The Prince’s School of Traditional Arts’ın eski mütevelli heyeti üyesi ve şimdi The Prince’s Foundation elçisi olan Sn. Jameel, Kahire ve Cidde’deki Jameel House’ların yanı sıra İskoçya’daki Dumfries House konağında kurulacak olan Jameel House gibi yardım kuruluşlarında Majesteleri Galler Prensi ile birlikte çalışmıştır. Uzun süredir devam eden diğer Art Jameel ortaklıkları arasında New York Metropolitan Sanat Müzesi, <a href=""https://www.vam.ac.uk/collections/islamic-middle-east"">Jameel Galerisi</a>’ne ev sahipliği yapan Londra Victoria &amp; Albert Müzesi ve İslam geleneklerinden ilham alan çağdaş sanat ve tasarım alanında dünyanın en seçkin ödülü olan <a href=""https://www.vam.ac.uk/info/jameel-prize"">Jameel Prize</a>’ı içeren geniş bir program bulunmaktadır.

Sn. Jameel ayrıca, ülkedeki bireylere ve toplumun geneline yönelik sosyal, girişimcilik ve ekonomik kalkınma programlarından oluşan önemli bir dizi hayır faaliyetinin yürütüldüğü Suudi Arabistan vakfı <a href=""https://www.communityjameelsaudi.org/en"">Community Jameel Saudi</a>’nin Kurucusu ve Başkanıdır. Vakfın odak alanları, ekonomik bağımsızlığa giden yollar oluşturma ve böylece ulusun ve ülke ekonomisinin gelişimine aktif olarak katkıda bulunma yönündeki tek bir temel hedefe yönelik altı ana tema etrafında şekillenir: yetkinlik geliştirme, kadınların desteklenmesi, girişimciliğin ilerletilmesi, iklim değişikliği, toplum refahı ve insani girişimler. Girişimler arasında, Sn. Jameel’in babası tarafından bölgenin ilk kar amacı gütmeyen fiziksel rehabilitasyon uzmanlık tesisi olarak Cidde’de kurulan ve günümüzde ileri düzeyde gelişmiş tedaviler sunan <a href=""https://www.aljhospital.com/"">Abdul Latif Jameel Hastanesi</a> yer almaktadır.

Sn. Jameel, hızla değişen bir dünyada toplulukların gelişmesine yardımcı olmak için bilimsel faaliyetlerin ilerletilmesine katkıda bulunan bağımsız küresel kuruluş <a href=""https://communityjameel.org"">Community Jameel</a>’in Kurucusu ve Başkanıdır.

<a href=""https://www.mit.edu/"">Massachusetts Institute of Technology</a> (MIT) mezunu olan Sn. Jameel, Community Jameel’in MIT ile uzun süreli ve köklü bir iş birliği kurmasını sağlayarak dört ana merkeze destek sunulmasına önayak olmuştur: <a href=""http://www.povertyactionlab.org/"">Abdul Latif Jameel Yoksulluk Eylem Laboratuvarı</a> (J-PAL) (eş kurucuları Esther Duflo ve Abhijit Banerjee ile birlikte uzun süreli ortağı Michael Kremer, 2019 Nobel Ekonomi Ödülü’nü kazanmıştır); <a href=""http://jwafs.mit.edu/"">Abdul Latif Jameel Su ve Gıda Sistemleri Laboratuvarı</a> (J-WAFS); <a href=""https://jwel.mit.edu/"">Abdul Latif Jameel Dünya Eğitim Laboratuvarı</a> (J-WEL) ve <a href=""https://jclinic.mit.edu/"">Abdul Latif Jameel Sağlıkta Makine Öğrenimi Kliniği</a> (J-Clinic).

Community Jameel; MIT ile birlikte Japonya ve Suudi Arabistan’ın yanı sıra Asya ve Afrika’daki diğer ülkelerden gelen lisans öğrencileri için Jameel-Toyota bursunu oluşturmuş (1994’ten beri), yıllık <a href=""https://www.mitarabcompetition.com/"">startup şirket</a> yarışmasında Arap dünyasındaki girişimcileri desteklemiş ve onlara akıl hocalığı yapmış (2005'ten beri) ve MIT J-WEL yoluyla mülteci eğitimine yenilikçi yaklaşımlar getirmiştir. Sn. Jameel, MIT Corporation’ın hayat boyu üyesidir.

Community Jameel, MIT’deki Jameel Clinic’in yanı sıra herkes için sağlık hizmetlerini iyileştirmek amacıyla Imperial College London eş ortaklığıyla <a href=""https://www.imperial.ac.uk/jameel-institute/"">Abdul Latif Jameel Hastalık ve Acil Sağlık Hizmetleri Analitikleri</a> (Jameel Institute) kuruluşunu kurarak dünya genelinde hastalıklardan kaynaklanan tehditlerle mücadele etmektedir.

2021 yılında Community Jameel; Edinburgh Üniversitesi, Save the Children, CGIAR Uluslararası Hayvancılık Araştırma Enstitüsü ve J-PAL ile birlikte Kenya’nın başkenti Nairobi’de <a href=""https://jameelobservatory.org/"">Jameel Gıda Güvenliği Erken Eylem Gözlemevi</a>’ni (Jameel Observatory) kurmuştur. Jameel Observatory, iklim değişikliği karşısında ani gelişen açlık ve kıtlığa karşı atılacak ilk adımları izlemek, tahmin etmek ve bu adımların atılmasını sağlamak için veri biliminin gücünden yararlanır.

Müzik alanında Community Jameel, Sn. Jameel’in danışma kurulu üyesi olduğu Andrea Bocelli Vakfı ile birlikte ihtiyaç sahibi öğrencileri desteklemek için <a href=""https://www.communityjameel.org/scolarships/bocelli-jameel-scholarship"">Londra’daki Royal College of Music bursunu</a> oluşturmuştur.

Sn. Jameel, genç Suudi erkekler ve kadınlar için iş yaratma girişimlerine yönelik kişisel katkıları nedeniyle Majesteleri Kral Abdullah tarafından Suudi Arabistan’ın en üst düzey ödülü olan Birinci Mertebe Kral Abdul Aziz Madalyası’na ve hayırseverlik faaliyetlerinin yanı sıra sanatın gelişimine yönelik destekleri nedeniyle Kraliçe II. Elizabeth’ten onursal şövalyelik (KBE) dahil olmak üzere bir dizi onura layık görülmüştür.

Önemli Not: Mohammed Jameel’in Twitter, LinkedIn, Facebook veya Instagram dahil hiçbir sosyal medya hesabı yoktur. Bu platformlarda ismini taşıyan tüm hesaplar sahte hesaplardır.",publish,7/30/2019 11:09,mohammed-abdul-latif-jameel,https://www.alj.com/app/uploads/2019/07/Mohammed-Abdul-Latif-Jamele-KBE-1.jpeg,"<p>Yönetim Kurulu Başkanı<br />
Abdul Latif Jameel</p>
",https://media.alj.com/app/uploads/2019/07/Mohammed-Abdul-Latif-Jamele-KBE-2.jpeg,tr,en,93183,,Yönetim Kurulu Başkanı,Abdul Latif Jameel
43197,Hassan Jameel,"Hassan Jameel is Deputy President and Vice Chairman, Saudi Arabia, Abdul Latif Jameel, an international, family-owned and diversified business, founded in 1945 by the late Abdul Latif Jameel.

<a href=""https://hassanjameel.com/"">Hassan Jameel</a> heads the domestic operations of <a href=""https://www.alj.com/en/"">Abdul Latif Jameel</a> in Saudi Arabia, and is responsible for operations such as mobility, land and real estate, and machinery.  Hassan Jameel is a member of the board of Abdul Latif Jameel.  Prior to taking up his current role, Hassan Jameel worked at <a href=""https://global.toyota/en/"">Toyota Motor Corporation</a> in Japan.

With a passion for entrepreneurship and innovation, Hassan Jameel has been a driving force behind Abdul Latif Jameel’s digitalization and transition into data-centric organization, a process that has transformed the way the business interacts with its guests and partners.

<a href=""https://www.communityjameel.org/en/who-we-are/jameel-family/hassan-jameel"">Hassan Jameel</a> is also Vice Chairman of <a href=""http://www.cjameel.org/"">Community Jameel</a>, an international organization tackling some of the world’s most urgent issues and challenges, using a pioneering approach grounded in evidence, science, data and technology.  Community Jameel employs a new approach to achieving impact, by driving scientific and technological breakthroughs and innovations in the fields of education, health and climate.

Hassan Jameel is a former <a href=""https://rivian.com/"">Rivian</a> board member. He currently sits on the <a href=""https://www.u-tokyo.ac.jp/en/about/hassan-jameel.html"">UTokyo Global Advisory Board for the University of Tokyo</a> and the <a href=""https://engineering.mit.edu/about/leadership/deans-advisory-council/"">MIT School of Engineering Dean's Advisory Council</a>.  Alongside this, he is an advisor to <a href=""https://comotionla.com/"">CoMotion</a> and a founding member of the <a href=""https://fbc-gulf.org/en/about/board-of-directors/hassan-jameel"">Family Business Council – Gulf</a>, which supports the growth and development on family businesses in the region.

<a href=""https://www.crunchbase.com/person/hassan-jameel"">Hassan Jameel</a> holds a Bachelor of Arts in International Economics from Sophia University in Tokyo, Japan, and gained an MBA from the London Business School.  He speaks English, Arabic, and Japanese.

Founded in 1945, Abdul Latif Jameel is a private family-owned global investor and diversified business that celebrated its <a href=""https://jameel75.com/"">75th Anniversary</a> in 2020.  Abdul Latif Jameel works across major industry sectors aiming to positively shape the future of core industries driving the global economy.  These include Investments; Mobility; Financial Services; Energy &amp; Environmental Services: Health, and a diversified range of other operations from consumer products and property development to professional services.

With corporate representation offices around the globe, the business has an operational presence in more than 35 countries on six continents and employs more than 11,000 people of over 65 nationalities.",publish,7/30/2019 11:34,hassan-jameel,https://www.alj.com/app/uploads/2019/10/hassan-mohammed-jameel-1000x1278.jpg,"<p>Deputy President and Vice Chairman, Saudi Arabia</p>
<p>Abdul Latif Jameel</p>
",https://media.alj.com/app/uploads/2019/10/hassan-mohammed-jameel.jpg,en,,93254,,"Deputy President and Vice Chairman, Saudi Arabia",Abdul Latif Jameel
43219,حسن جميل,"يشغل حسن جميل منصب نائب الرئيس ونائب رئيس مجلس إدارة <a href=""https://www.alj.com/ar/"">عبد اللطيف جميل</a> بالمملكة العربية السعودية، وهي مجموعة شركات عائلية عالمية ذات أنشطة متنوعة يعود تاريخ تأسيسها إلى العام 1945 على يد المغفور له عبداللطيف جميل.

ويتولى <a href=""https://hassanjameel.com/"">حسن جميل</a> كذلك إدارة العمليات المحلية ل<a href=""https://www.alj.com/ar/"">عبد للطيف جميل</a> في المملكة العربية السعودية، ويشمل ذلك المسؤولية المباشرة عن العمليات في قطاع التنقل، والأراضي، والعقارات، والآلات، وهو أيضاً عضو في مجلس إدارة عبداللطيف جميل.  وقبل توليه لهذا المنصب، إشتغل حسن جميل في <a href=""https://global.toyota/en/"">تويوتا موتور كوربوريشن</a> <u> </u>في اليابان.

مدفوعاً بشغفه لريادة الأعمال والابتكار، يُمثل حسن جميل الملهم وراء التحول الرقمي لعبداللطيف جميل وانتقالها إلى شركة ترتكز على البيانات، وهي العملية التي أحدثت تغييراً بطريقة تفاعل الشركة مع ضيوفها وشركائها.

ويشغل <a href=""https://hassanjameel.com/"">حسن جميل</a> أيضًا منصب نائب رئيس <a href=""https://www.communityjameel.org/ar-sa"">مجتمع جميل</a>، وهي مؤسسة دولية تأخذ على عاتقها بعض القضايا والتحديات الأكثر إلحاحًا في العالم باستخدام نهج رائد قائم على البحث العالمي والعلوم والبيانات والتكنولوجيا. وتستخدم مجتمع جميل نهجاً جديداً لتحقيق التأثير من خلال دفع عجلة الإنجازات والإبتكارات العلمية والتقنية في مجالات التعليم، والصحة والمناخ.

حسن جميل هو عضو سابق في مجلس ادارة <a href=""https://www.rivian.com/"">ريفيان</a>، وهو حاليا عضو في <a href=""https://www.u-tokyo.ac.jp/en/about/hassan-jameel.html"">المجلس الاستشاري لجامعة طوكيو</a> و<a href=""https://engineering.mit.edu/about/leadership/deans-advisory-council/"">المجلس الاستشاري لعميد كلية الهندسة بمعهد ماساتشوستس للتكنولوجيا</a>. كما أنه مستشار لدى شركة <a href=""https://comotionla.com/"">CoMotion</a>، وعضو مؤسس ل<a href=""https://fbc-gulf.org/en/about/board-of-directors/hassan-jameel"">مجلس الشركات العائلية الخليجي</a><u>ة</u>، الذي يدعم نمو وتطوير الشركات العائلية في المنطقة.

حسن جميل حاصل على بكالوريوس الآداب في الاقتصاد الدولي من جامعة صوفيا في طوكيو، اليابان، وحصل على ماجستير في إدارة الأعمال من كلية لندن للأعمال، ويتحدث الانجليزية والعربية واليابانية.

تأسست شركة عبد اللطيف جميل عام 1945، واحتفلت بالذكرى السنوية الخامسة والسبعين لتأسيسها في 2020،  وتعد اليوم واحدة من أبرز شركات الاستثمار العائلية العالمية في مجموعة متنوعة من الأنشطة والأعمال حول العالم، إذ تمتد أنشطتها إلى قطاعات عديدة ومتنوعة تستهدف منها المساهمة في تشكيل مستقبل الصناعات الأساسية التي تقود الاقتصاد العالمي بشكل إيجابي. وتشمل هذه الاستثمارات قطاع النقل والتنقل، والخدمات المالية، والطاقة، والخدمات البيئية، والصحة، إلى جانب أنشطة أخرى متنوعة في قطاع المنتجات الاستهلاكية، والتطوير العقاري والخدمات المهنية.

ولدى الشركة مكاتب تمثيلية في جميع أنحاء العالم، وتتمتع بحضور تشغيلي راسخ في أكثر من 35 دولة في ست قارات وتوظف أكثر من 11,000  موظف من أكثر من 65 جنسية.",publish,7/30/2019 11:34,hassan-jameel,https://www.alj.com/app/uploads/2019/10/hassan-mohammed-jameel-1000x1278.jpg,"<p>نائب الرئيس ونائب رئيس مجلس إدارة عبد اللطيف جميل، المملكة العربية السعودية</p>
",https://media.alj.com/app/uploads/2019/10/hassan-mohammed-jameel.jpg,ar,en,93254,,"نائب الرئيس ونائب رئيس مجلس إدارة عبد اللطيف جميل، المملكة العربية السعودية",
43241,Hassan Jameel,"国际化、家族式、多元化经营的安利捷公司于 1945 年由已故的 Abdul Latif Jameel 创建，Hassan Jameel 现任安利捷沙特阿拉伯公司副总裁兼副主席。

<a href=""https://hassanjameel.com/"">Hassan Jameel</a> 领导<a href=""https://www.alj.com/en/"">安利捷</a>在沙特阿拉伯的国内运营，负责的运营范围包括交通、土地与房地产、机械。Hassan Jameel 是 Abdul Latif Jameel 董事会成员。在担任当前职务之前，Hassan Jameel 在日本的<a href=""https://global.toyota/en/"">丰田汽车公司</a>效力。

Hassan Jameel 对创业和创新充满热情，推动了安利捷数字化和向以数据为中心的组织转型，这个过程改变了企业与其客户和合作伙伴互动的方式。

<a href=""https://www.communityjameel.org/en/who-we-are/jameel-family/hassan-jameel"">Hassan Jameel</a> 还任 <a href=""http://www.cjameel.org/"">Community Jameel</a> 副主席，该国际组织采用基于证据、科学、数据和技术的开创性方法，解决世界上一些最紧迫的问题和挑战。Community Jameel 通过推动教育、卫生和气候领域的科技突破和创新，采用新的方式取得影响力。

Hassan Jameel 曾是<a href=""https://rivian.com/"">Rivian</a> 董事会成员。他目前是<a href=""https://www.u-tokyo.ac.jp/en/about/hassan-jameel.html"">东京大学全球咨询委员会</a>和<a href=""https://engineering.mit.edu/about/leadership/deans-advisory-council/"">麻省理工学院 (MIT) 工程学院院长咨询委员会</a>成员。除此之外，他还是 <a href=""https://comotionla.com/"">CoMotion</a> 顾问、<a href=""https://fbc-gulf.org/en/about/board-of-directors/hassan-jameel"">海湾家族企业委员会</a>创始成员，支持该地区家族企业的成长和发展。

<a href=""https://www.crunchbase.com/person/hassan-jameel"">Hassan Jameel</a> 拥有日本东京上智大学国际经济学学士学位，以及伦敦商学院的 MBA 学位。他还精通英语、阿拉伯语和日语。

安利捷成立于 1945 年，是一家全球投资者和多元化经营的私人家族式企业，于 2020 年庆祝其成立<a href=""https://jameel75.com/""> 75 周年</a>。安利捷经营涉及主要行业领域，旨在积极塑造推动全球经济的核心产业的未来。这些领域包括投资、交通出行、金融服务、能源与环境服务、健康，以及从消费品和房地产开发到专业服务等一系列多元化经营的业务。

公司在全球各地设有公司代表处，业务遍及六大洲 35 多个国家/地区，拥有来自 65 多个国家/地区约 11,000 名员工。",publish,7/30/2019 11:34,hassan-jameel,https://www.alj.com/app/uploads/2019/10/hassan-mohammed-jameel-1000x1278.jpg,"<p>副总裁兼副董事长</p>
<p>安利捷沙特阿拉伯公司</p>
",https://media.alj.com/app/uploads/2019/10/hassan-mohammed-jameel.jpg,zh-hans,en,93254,,副总裁兼副董事长,安利捷沙特阿拉伯公司
,,,,,,,,,,,,,,
,,,,,,,,,,,,,,
,,,,,,,,,,,,,,
,,,,,,,,,,,,,,
,,,,,,,,,,,,,,
,,,,,,,,,,,,,,
,,,,,,,,,,,,,,
,,,,,,,,,,,,,,
,,,,,,,,,,,,,,
,,,,,,,,,,,,,,
,,,,,,,,,,,,,,
,,,,,,,,,,,,,,
,,,,,,,,,,,,,,
,,,,,,,,,,,,,,
,,,,,,,,,,,,,,
,,,,,,,,,,,,,,
,,,,,,,,,,,,,,
,,,,,,,,,,,,,,
,,,,,,,,,,,,,,
,,,,,,,,,,,,,,
,,,,,,,,,,,,,,
,,,,,,,,,,,,,,
,,,,,,,,,,,,,,
,,,,,,,,,,,,,,
,,,,,,,,,,,,,,
,,,,,,,,,,,,,,
,,,,,,,,,,,,,,
,,,,,,,,,,,,,,
,,,,,,,,,,,,,,
,,,,,,,,,,,,,,
,,,,,,,,,,,,,,
,,,,,,,,,,,,,,
,,,,,,,,,,,,,,
,,,,,,,,,,,,,,
,,,,,,,,,,,,,,
,,,,,,,,,,,,,,
,,,,,,,,,,,,,,
,,,,,,,,,,,,,,
,,,,,,,,,,,,,,
,,,,,,,,,,,,,,
,,,,,,,,,,,,,,
,,,,,,,,,,,,,,
,,,,,,,,,,,,,,
,,,,,,,,,,,,,,
,,,,,,,,,,,,,,
,,,,,,,,,,,,,,
,,,,,,,,,,,,,,
,,,,,,,,,,,,,,
,,,,,,,,,,,,,,
,,,,,,,,,,,,,,
,,,,,,,,,,,,,,
,,,,,,,,,,,,,,
,,,,,,,,,,,,,,
,,,,,,,,,,,,,,
,,,,,,,,,,,,,,
,,,,,,,,,,,,,,
,,,,,,,,,,,,,,
,,,,,,,,,,,,,,
,,,,,,,,,,,,,,
,,,,,,,,,,,,,,
,,,,,,,,,,,,,,
,,,,,,,,,,,,,,
,,,,,,,,,,,,,,
,,,,,,,,,,,,,,
,,,,,,,,,,,,,,
,,,,,,,,,,,,,,
,,,,,,,,,,,,,,
,,,,,,,,,,,,,,
,,,,,,,,,,,,,,
,,,,,,,,,,,,,,
,,,,,,,,,,,,,,
,,,,,,,,,,,,,,
,,,,,,,,,,,,,,
,,,,,,,,,,,,,,
,,,,,,,,,,,,,,
,,,,,,,,,,,,,,
,,,,,,,,,,,,,,
,,,,,,,,,,,,,,
,,,,,,,,,,,,,,
,,,,,,,,,,,,,,
,,,,,,,,,,,,,,
,,,,,,,,,,,,,,
,,,,,,,,,,,,,,
,,,,,,,,,,,,,,
,,,,,,,,,,,,,,
,,,,,,,,,,,,,,
,,,,,,,,,,,,,,
,,,,,,,,,,,,,,
,,,,,,,,,,,,,,
,,,,,,,,,,,,,,
,,,,,,,,,,,,,,
,,,,,,,,,,,,,,
,,,,,,,,,,,,,,
,,,,,,,,,,,,,,
,,,,,,,,,,,,,,
,,,,,,,,,,,,,,
,,,,,,,,,,,,,,
,,,,,,,,,,,,,,
,,,,,,,,,,,,,,
,,,,,,,,,,,,,,
,,,,,,,,,,,,,,
,,,,,,,,,,,,,,
,,,,,,,,,,,,,,
,,,,,,,,,,,,,,
,,,,,,,,,,,,,,
,,,,,,,,,,,,,,
,,,,,,,,,,,,,,
,,,,,,,,,,,,,,
,,,,,,,,,,,,,,
,,,,,,,,,,,,,,
,,,,,,,,,,,,,,
,,,,,,,,,,,,,,
,,,,,,,,,,,,,,
,,,,,,,,,,,,,,
,,,,,,,,,,,,,,
,,,,,,,,,,,,,,
,,,,,,,,,,,,,,
,,,,,,,,,,,,,,
,,,,,,,,,,,,,,
,,,,,,,,,,,,,,
,,,,,,,,,,,,,,
,,,,,,,,,,,,,,
,,,,,,,,,,,,,,
,,,,,,,,,,,,,,
,,,,,,,,,,,,,,
,,,,,,,,,,,,,,
,,,,,,,,,,,,,,
,,,,,,,,,,,,,,
,,,,,,,,,,,,,,
,,,,,,,,,,,,,,
,,,,,,,,,,,,,,
,,,,,,,,,,,,,,
,,,,,,,,,,,,,,
,,,,,,,,,,,,,,
,,,,,,,,,,,,,,
,,,,,,,,,,,,,,
,,,,,,,,,,,,,,
,,,,,,,,,,,,,,
,,,,,,,,,,,,,,
,,,,,,,,,,,,,,
,,,,,,,,,,,,,,
,,,,,,,,,,,,,,
,,,,,,,,,,,,,,
,,,,,,,,,,,,,,
,,,,,,,,,,,,,,
,,,,,,,,,,,,,,
,,,,,,,,,,,,,,
,,,,,,,,,,,,,,
,,,,,,,,,,,,,,
,,,,,,,,,,,,,,
,,,,,,,,,,,,,,
,,,,,,,,,,,,,,
,,,,,,,,,,,,,,
,,,,,,,,,,,,,,
,,,,,,,,,,,,,,
,,,,,,,,,,,,,,
,,,,,,,,,,,,,,
,,,,,,,,,,,,,,
,,,,,,,,,,,,,,
,,,,,,,,,,,,,,
,,,,,,,,,,,,,,
,,,,,,,,,,,,,,
,,,,,,,,,,,,,,
,,,,,,,,,,,,,,
,,,,,,,,,,,,,,
,,,,,,,,,,,,,,
,,,,,,,,,,,,,,
,,,,,,,,,,,,,,
,,,,,,,,,,,,,,
,,,,,,,,,,,,,,
,,,,,,,,,,,,,,
,,,,,,,,,,,,,,
,,,,,,,,,,,,,,
,,,,,,,,,,,,,,
,,,,,,,,,,,,,,
,,,,,,,,,,,,,,
,,,,,,,,,,,,,,
,,,,,,,,,,,,,,
,,,,,,,,,,,,,,
,,,,,,,,,,,,,,
,,,,,,,,,,,,,,
,,,,,,,,,,,,,,
,,,,,,,,,,,,,,
,,,,,,,,,,,,,,
,,,,,,,,,,,,,,
,,,,,,,,,,,,,,
,,,,,,,,,,,,,,
,,,,,,,,,,,,,,
,,,,,,,,,,,,,,
,,,,,,,,,,,,,,
,,,,,,,,,,,,,,
,,,,,,,,,,,,,,
,,,,,,,,,,,,,,
,,,,,,,,,,,,,,
,,,,,,,,,,,,,,
,,,,,,,,,,,,,,
,,,,,,,,,,,,,,
,,,,,,,,,,,,,,
,,,,,,,,,,,,,,
,,,,,,,,,,,,,,
,,,,,,,,,,,,,,
,,,,,,,,,,,,,,
,,,,,,,,,,,,,,
,,,,,,,,,,,,,,
,,,,,,,,,,,,,,
,,,,,,,,,,,,,,
,,,,,,,,,,,,,,
,,,,,,,,,,,,,,
,,,,,,,,,,,,,,
,,,,,,,,,,,,,,
,,,,,,,,,,,,,,
,,,,,,,,,,,,,,
,,,,,,,,,,,,,,
,,,,,,,,,,,,,,
,,,,,,,,,,,,,,
,,,,,,,,,,,,,,
,,,,,,,,,,,,,,
,,,,,,,,,,,,,,
,,,,,,,,,,,,,,
,,,,,,,,,,,,,,
,,,,,,,,,,,,,,
,,,,,,,,,,,,,,
,,,,,,,,,,,,,,
,,,,,,,,,,,,,,
,,,,,,,,,,,,,,
,,,,,,,,,,,,,,
,,,,,,,,,,,,,,
,,,,,,,,,,,,,,
,,,,,,,,,,,,,,
,,,,,,,,,,,,,,
,,,,,,,,,,,,,,
,,,,,,,,,,,,,,
,,,,,,,,,,,,,,
,,,,,,,,,,,,,,
,,,,,,,,,,,,,,
,,,,,,,,,,,,,,
,,,,,,,,,,,,,,
,,,,,,,,,,,,,,
,,,,,,,,,,,,,,
,,,,,,,,,,,,,,
,,,,,,,,,,,,,,
,,,,,,,,,,,,,,
,,,,,,,,,,,,,,
,,,,,,,,,,,,,,
,,,,,,,,,,,,,,
,,,,,,,,,,,,,,
,,,,,,,,,,,,,,
,,,,,,,,,,,,,,
,,,,,,,,,,,,,,
,,,,,,,,,,,,,,
,,,,,,,,,,,,,,
,,,,,,,,,,,,,,
,,,,,,,,,,,,,,
,,,,,,,,,,,,,,
,,,,,,,,,,,,,,
,,,,,,,,,,,,,,
,,,,,,,,,,,,,,
,,,,,,,,,,,,,,
,,,,,,,,,,,,,,
,,,,,,,,,,,,,,
,,,,,,,,,,,,,,
,,,,,,,,,,,,,,
,,,,,,,,,,,,,,
,,,,,,,,,,,,,,
,,,,,,,,,,,,,,
,,,,,,,,,,,,,,
,,,,,,,,,,,,,,
,,,,,,,,,,,,,,
,,,,,,,,,,,,,,
,,,,,,,,,,,,,,
,,,,,,,,,,,,,,
,,,,,,,,,,,,,,
,,,,,,,,,,,,,,
,,,,,,,,,,,,,,
,,,,,,,,,,,,,,
,,,,,,,,,,,,,,
,,,,,,,,,,,,,,
,,,,,,,,,,,,,,
,,,,,,,,,,,,,,
,,,,,,,,,,,,,,
,,,,,,,,,,,,,,
,,,,,,,,,,,,,,
,,,,,,,,,,,,,,
,,,,,,,,,,,,,,
,,,,,,,,,,,,,,
,,,,,,,,,,,,,,
,,,,,,,,,,,,,,
,,,,,,,,,,,,,,
,,,,,,,,,,,,,,
,,,,,,,,,,,,,,
,,,,,,,,,,,,,,
,,,,,,,,,,,,,,
,,,,,,,,,,,,,,
,,,,,,,,,,,,,,
,,,,,,,,,,,,,,
,,,,,,,,,,,,,,
,,,,,,,,,,,,,,
,,,,,,,,,,,,,,
,,,,,,,,,,,,,,
,,,,,,,,,,,,,,
,,,,,,,,,,,,,,
,,,,,,,,,,,,,,
,,,,,,,,,,,,,,
,,,,,,,,,,,,,,
,,,,,,,,,,,,,,
,,,,,,,,,,,,,,
,,,,,,,,,,,,,,
,,,,,,,,,,,,,,
,,,,,,,,,,,,,,
,,,,,,,,,,,,,,
,,,,,,,,,,,,,,
,,,,,,,,,,,,,,
